STATION,STATION_NAME,DATE,PRCP,TMAX,TMIN
GHCND:USW00064758,ITHACA 13 E NY US,20120816,0,253,95
GHCND:USW00064758,ITHACA 13 E NY US,20120817,26,237,126
GHCND:USW00064758,ITHACA 13 E NY US,20120818,0,210,83
GHCND:USW00064758,ITHACA 13 E NY US,20120819,0,234,54
GHCND:USW00064758,ITHACA 13 E NY US,20120820,0,221,99
GHCND:USW00064758,ITHACA 13 E NY US,20120821,0,229,71
GHCND:USW00064758,ITHACA 13 E NY US,20120822,0,258,85
GHCND:USW00064758,ITHACA 13 E NY US,20120823,0,265,95
GHCND:USW00064758,ITHACA 13 E NY US,20120824,0,280,100
GHCND:USW00064758,ITHACA 13 E NY US,20120825,0,279,132
GHCND:USW00064758,ITHACA 13 E NY US,20120826,0,281,144
GHCND:USW00064758,ITHACA 13 E NY US,20120827,144,277,163
GHCND:USW00064758,ITHACA 13 E NY US,20120828,148,241,118
GHCND:USW00064758,ITHACA 13 E NY US,20120829,0,205,84
GHCND:USW00064758,ITHACA 13 E NY US,20120830,0,256,47
GHCND:USW00064758,ITHACA 13 E NY US,20120831,0,305,102
GHCND:USW00064758,ITHACA 13 E NY US,20120901,0,266,107
GHCND:USW00064758,ITHACA 13 E NY US,20120902,0,270,90
GHCND:USW00064758,ITHACA 13 E NY US,20120903,22,218,136
GHCND:USW00064758,ITHACA 13 E NY US,20120904,92,252,185
GHCND:USW00064758,ITHACA 13 E NY US,20120905,0,245,145
GHCND:USW00064758,ITHACA 13 E NY US,20120906,9,279,140
GHCND:USW00064758,ITHACA 13 E NY US,20120907,0,262,148
GHCND:USW00064758,ITHACA 13 E NY US,20120908,45,233,103
GHCND:USW00064758,ITHACA 13 E NY US,20120909,0,195,64
GHCND:USW00064758,ITHACA 13 E NY US,20120910,0,169,40
GHCND:USW00064758,ITHACA 13 E NY US,20120911,0,214,17
GHCND:USW00064758,ITHACA 13 E NY US,20120912,0,248,65
GHCND:USW00064758,ITHACA 13 E NY US,20120913,0,265,88
GHCND:USW00064758,ITHACA 13 E NY US,20120914,100,251,116
GHCND:USW00064758,ITHACA 13 E NY US,20120915,0,172,74
GHCND:USW00064758,ITHACA 13 E NY US,20120916,0,181,51
GHCND:USW00064758,ITHACA 13 E NY US,20120917,0,222,64
GHCND:USW00064758,ITHACA 13 E NY US,20120918,242,208,98
GHCND:USW00064758,ITHACA 13 E NY US,20120919,0,144,31
GHCND:USW00064758,ITHACA 13 E NY US,20120920,0,188,28
GHCND:USW00064758,ITHACA 13 E NY US,20120921,2,220,110
GHCND:USW00064758,ITHACA 13 E NY US,20120922,26,200,84
GHCND:USW00064758,ITHACA 13 E NY US,20120923,0,143,25
GHCND:USW00064758,ITHACA 13 E NY US,20120924,0,147,26
GHCND:USW00064758,ITHACA 13 E NY US,20120925,14,195,32
GHCND:USW00064758,ITHACA 13 E NY US,20120926,41,176,115
GHCND:USW00064758,ITHACA 13 E NY US,20120927,6,171,56
GHCND:USW00064758,ITHACA 13 E NY US,20120928,40,137,96
GHCND:USW00064758,ITHACA 13 E NY US,20120929,0,156,59
GHCND:USW00064758,ITHACA 13 E NY US,20120930,34,125,38
GHCND:USW00064758,ITHACA 13 E NY US,20121001,0,162,92
GHCND:USW00064758,ITHACA 13 E NY US,20121002,27,169,83
GHCND:USW00064758,ITHACA 13 E NY US,20121003,2,226,149
GHCND:USW00064758,ITHACA 13 E NY US,20121004,0,206,97
GHCND:USW00064758,ITHACA 13 E NY US,20121005,14,232,76
GHCND:USW00064758,ITHACA 13 E NY US,20121006,45,160,33
GHCND:USW00064758,ITHACA 13 E NY US,20121007,16,104,27
GHCND:USW00064758,ITHACA 13 E NY US,20121008,0,105,-2
GHCND:USW00064758,ITHACA 13 E NY US,20121009,0,147,-1
GHCND:USW00064758,ITHACA 13 E NY US,20121010,6,138,56
GHCND:USW00064758,ITHACA 13 E NY US,20121011,0,115,16
GHCND:USW00064758,ITHACA 13 E NY US,20121012,-9999,97,-43
GHCND:USW00064758,ITHACA 13 E NY US,20121013,18,91,-55
GHCND:USW00064758,ITHACA 13 E NY US,20121014,53,200,62
GHCND:USW00064758,ITHACA 13 E NY US,20121015,0,202,78
GHCND:USW00064758,ITHACA 13 E NY US,20121016,0,97,-11
GHCND:USW00064758,ITHACA 13 E NY US,20121017,0,168,-14
GHCND:USW00064758,ITHACA 13 E NY US,20121018,0,164,55
GHCND:USW00064758,ITHACA 13 E NY US,20121019,245,164,87
GHCND:USW00064758,ITHACA 13 E NY US,20121020,11,129,28
GHCND:USW00064758,ITHACA 13 E NY US,20121021,0,144,55
GHCND:USW00064758,ITHACA 13 E NY US,20121022,0,159,8
GHCND:USW00064758,ITHACA 13 E NY US,20121023,198,117,26
GHCND:USW00064758,ITHACA 13 E NY US,20121024,5,154,107
GHCND:USW00064758,ITHACA 13 E NY US,20121025,0,184,131
GHCND:USW00064758,ITHACA 13 E NY US,20121026,0,174,122
GHCND:USW00064758,ITHACA 13 E NY US,20121027,0,157,86
GHCND:USW00064758,ITHACA 13 E NY US,20121028,35,88,64
GHCND:USW00064758,ITHACA 13 E NY US,20121029,154,148,65
GHCND:USW00064758,ITHACA 13 E NY US,20121030,134,136,41
GHCND:USW00064758,ITHACA 13 E NY US,20121031,5,50,36
GHCND:USW00064758,ITHACA 13 E NY US,20121101,61,74,40
GHCND:USW00064758,ITHACA 13 E NY US,20121102,21,47,13
GHCND:USW00064758,ITHACA 13 E NY US,20121103,10,33,5
GHCND:USW00064758,ITHACA 13 E NY US,20121104,0,25,-4
GHCND:USW00064758,ITHACA 13 E NY US,20121105,2,11,-9
GHCND:USW00064758,ITHACA 13 E NY US,20121106,0,41,-65
GHCND:USW00064758,ITHACA 13 E NY US,20121107,0,25,-70
GHCND:USW00064758,ITHACA 13 E NY US,20121108,0,36,-26
GHCND:USW00064758,ITHACA 13 E NY US,20121109,0,65,-36
GHCND:USW00064758,ITHACA 13 E NY US,20121110,0,96,18
GHCND:USW00064758,ITHACA 13 E NY US,20121111,0,199,69
GHCND:USW00064758,ITHACA 13 E NY US,20121112,114,175,54
GHCND:USW00064758,ITHACA 13 E NY US,20121113,84,54,1
GHCND:USW00064758,ITHACA 13 E NY US,20121114,0,51,-42
GHCND:USW00064758,ITHACA 13 E NY US,20121115,0,57,-59
GHCND:USW00064758,ITHACA 13 E NY US,20121116,0,60,-64
GHCND:USW00064758,ITHACA 13 E NY US,20121117,0,78,-64
GHCND:USW00064758,ITHACA 13 E NY US,20121118,0,79,-75
GHCND:USW00064758,ITHACA 13 E NY US,20121119,0,92,-45
GHCND:USW00064758,ITHACA 13 E NY US,20121120,0,95,-44
GHCND:USW00064758,ITHACA 13 E NY US,20121121,0,109,-34
GHCND:USW00064758,ITHACA 13 E NY US,20121122,0,135,-32
GHCND:USW00064758,ITHACA 13 E NY US,20121123,0,113,-5
GHCND:USW00064758,ITHACA 13 E NY US,20121124,0,27,-18
GHCND:USW00064758,ITHACA 13 E NY US,20121125,6,-3,-19
GHCND:USW00064758,ITHACA 13 E NY US,20121126,0,33,-16
GHCND:USW00064758,ITHACA 13 E NY US,20121127,5,17,-14
GHCND:USW00064758,ITHACA 13 E NY US,20121128,0,12,-52
GHCND:USW00064758,ITHACA 13 E NY US,20121129,0,59,-53
GHCND:USW00064758,ITHACA 13 E NY US,20121130,2,12,-39
GHCND:USW00064758,ITHACA 13 E NY US,20121201,0,49,-8
GHCND:USW00064758,ITHACA 13 E NY US,20121202,34,92,44
GHCND:USW00064758,ITHACA 13 E NY US,20121203,0,123,32
GHCND:USW00064758,ITHACA 13 E NY US,20121204,50,183,75
GHCND:USW00064758,ITHACA 13 E NY US,20121205,47,80,-32
GHCND:USW00064758,ITHACA 13 E NY US,20121206,0,22,-63
GHCND:USW00064758,ITHACA 13 E NY US,20121207,78,20,-15
GHCND:USW00064758,ITHACA 13 E NY US,20121208,54,91,18
GHCND:USW00064758,ITHACA 13 E NY US,20121209,9,42,2
GHCND:USW00064758,ITHACA 13 E NY US,20121210,136,108,19
GHCND:USW00064758,ITHACA 13 E NY US,20121211,2,22,-48
GHCND:USW00064758,ITHACA 13 E NY US,20121212,0,38,-61
GHCND:USW00064758,ITHACA 13 E NY US,20121213,0,43,-73
GHCND:USW00064758,ITHACA 13 E NY US,20121214,0,58,-63
GHCND:USW00064758,ITHACA 13 E NY US,20121215,0,45,-54
GHCND:USW00064758,ITHACA 13 E NY US,20121216,12,67,24
GHCND:USW00064758,ITHACA 13 E NY US,20121217,274,54,32
GHCND:USW00064758,ITHACA 13 E NY US,20121218,93,69,25
GHCND:USW00064758,ITHACA 13 E NY US,20121219,-9999,30,-15
GHCND:USW00064758,ITHACA 13 E NY US,20121220,42,21,-65
GHCND:USW00064758,ITHACA 13 E NY US,20121221,235,47,-2
GHCND:USW00064758,ITHACA 13 E NY US,20121222,39,2,-39
GHCND:USW00064758,ITHACA 13 E NY US,20121223,0,10,-34
GHCND:USW00064758,ITHACA 13 E NY US,20121224,9,-3,-32
GHCND:USW00064758,ITHACA 13 E NY US,20121225,10,-12,-111
GHCND:USW00064758,ITHACA 13 E NY US,20121226,111,-27,-128
GHCND:USW00064758,ITHACA 13 E NY US,20121227,58,-20,-64
GHCND:USW00064758,ITHACA 13 E NY US,20121228,0,-42,-58
GHCND:USW00064758,ITHACA 13 E NY US,20121229,112,-33,-56
GHCND:USW00064758,ITHACA 13 E NY US,20121230,37,-51,-84
GHCND:USW00064758,ITHACA 13 E NY US,20121231,2,4,-77
GHCND:USW00064758,ITHACA 13 E NY US,20130101,2,-5,-178
GHCND:USW00064758,ITHACA 13 E NY US,20130102,5,-46,-189
GHCND:USW00064758,ITHACA 13 E NY US,20130103,0,-30,-113
GHCND:USW00064758,ITHACA 13 E NY US,20130104,0,1,-46
GHCND:USW00064758,ITHACA 13 E NY US,20130105,0,-3,-78
GHCND:USW00064758,ITHACA 13 E NY US,20130106,9,24,-31
GHCND:USW00064758,ITHACA 13 E NY US,20130107,0,10,-104
GHCND:USW00064758,ITHACA 13 E NY US,20130108,0,32,-101
GHCND:USW00064758,ITHACA 13 E NY US,20130109,0,75,-99
GHCND:USW00064758,ITHACA 13 E NY US,20130110,0,32,-60
GHCND:USW00064758,ITHACA 13 E NY US,20130111,9,33,-43
GHCND:USW00064758,ITHACA 13 E NY US,20130112,0,89,20
GHCND:USW00064758,ITHACA 13 E NY US,20130113,0,122,32
GHCND:USW00064758,ITHACA 13 E NY US,20130114,0,113,-21
GHCND:USW00064758,ITHACA 13 E NY US,20130115,0,-12,-53
GHCND:USW00064758,ITHACA 13 E NY US,20130116,25,1,-47
GHCND:USW00064758,ITHACA 13 E NY US,20130117,0,2,-82
GHCND:USW00064758,ITHACA 13 E NY US,20130118,8,-46,-164
GHCND:USW00064758,ITHACA 13 E NY US,20130119,0,78,-46
GHCND:USW00064758,ITHACA 13 E NY US,20130120,0,66,-73
GHCND:USW00064758,ITHACA 13 E NY US,20130121,11,-54,-116
GHCND:USW00064758,ITHACA 13 E NY US,20130122,0,-96,-161
GHCND:USW00064758,ITHACA 13 E NY US,20130123,0,-126,-200
GHCND:USW00064758,ITHACA 13 E NY US,20130124,6,-118,-209
GHCND:USW00064758,ITHACA 13 E NY US,20130125,7,-98,-150
GHCND:USW00064758,ITHACA 13 E NY US,20130126,3,-84,-186
GHCND:USW00064758,ITHACA 13 E NY US,20130127,10,-51,-181
GHCND:USW00064758,ITHACA 13 E NY US,20130128,48,39,-97
GHCND:USW00064758,ITHACA 13 E NY US,20130129,82,78,6
GHCND:USW00064758,ITHACA 13 E NY US,20130130,100,147,61
GHCND:USW00064758,ITHACA 13 E NY US,20130131,142,115,-54
GHCND:USW00064758,ITHACA 13 E NY US,20130201,10,-54,-88
GHCND:USW00064758,ITHACA 13 E NY US,20130202,0,-77,-126
GHCND:USW00064758,ITHACA 13 E NY US,20130203,29,-47,-168
GHCND:USW00064758,ITHACA 13 E NY US,20130204,0,-76,-105
GHCND:USW00064758,ITHACA 13 E NY US,20130205,8,-28,-112
GHCND:USW00064758,ITHACA 13 E NY US,20130206,8,-33,-172
GHCND:USW00064758,ITHACA 13 E NY US,20130207,0,-11,-183
GHCND:USW00064758,ITHACA 13 E NY US,20130208,116,-4,-60
GHCND:USW00064758,ITHACA 13 E NY US,20130209,14,-57,-103
GHCND:USW00064758,ITHACA 13 E NY US,20130210,0,13,-131
GHCND:USW00064758,ITHACA 13 E NY US,20130211,6,39,-7
GHCND:USW00064758,ITHACA 13 E NY US,20130212,0,16,-17
GHCND:USW00064758,ITHACA 13 E NY US,20130213,0,26,-36
GHCND:USW00064758,ITHACA 13 E NY US,20130214,0,33,-82
GHCND:USW00064758,ITHACA 13 E NY US,20130215,0,39,-48
GHCND:USW00064758,ITHACA 13 E NY US,20130216,2,-28,-113
GHCND:USW00064758,ITHACA 13 E NY US,20130217,2,-83,-131
GHCND:USW00064758,ITHACA 13 E NY US,20130218,0,-25,-124
GHCND:USW00064758,ITHACA 13 E NY US,20130219,43,19,-38
GHCND:USW00064758,ITHACA 13 E NY US,20130220,14,-37,-83
GHCND:USW00064758,ITHACA 13 E NY US,20130221,6,-81,-108
GHCND:USW00064758,ITHACA 13 E NY US,20130222,0,10,-93
GHCND:USW00064758,ITHACA 13 E NY US,20130223,11,28,-11
GHCND:USW00064758,ITHACA 13 E NY US,20130224,7,6,-27
GHCND:USW00064758,ITHACA 13 E NY US,20130225,0,14,-85
GHCND:USW00064758,ITHACA 13 E NY US,20130226,99,38,-103
GHCND:USW00064758,ITHACA 13 E NY US,20130227,157,25,-1
GHCND:USW00064758,ITHACA 13 E NY US,20130228,61,22,-7
GHCND:USW00064758,ITHACA 13 E NY US,20130301,9,-4,-45
GHCND:USW00064758,ITHACA 13 E NY US,20130302,0,-41,-61
GHCND:USW00064758,ITHACA 13 E NY US,20130303,0,-52,-73
GHCND:USW00064758,ITHACA 13 E NY US,20130304,0,-33,-69
GHCND:USW00064758,ITHACA 13 E NY US,20130305,0,-2,-73
GHCND:USW00064758,ITHACA 13 E NY US,20130306,0,30,-51
GHCND:USW00064758,ITHACA 13 E NY US,20130307,0,17,-34
GHCND:USW00064758,ITHACA 13 E NY US,20130308,27,10,-43
GHCND:USW00064758,ITHACA 13 E NY US,20130309,0,65,-100
GHCND:USW00064758,ITHACA 13 E NY US,20130310,0,116,-41
GHCND:USW00064758,ITHACA 13 E NY US,20130311,0,95,47
GHCND:USW00064758,ITHACA 13 E NY US,20130312,119,100,8
GHCND:USW00064758,ITHACA 13 E NY US,20130313,16,25,-48
GHCND:USW00064758,ITHACA 13 E NY US,20130314,5,-14,-85
GHCND:USW00064758,ITHACA 13 E NY US,20130315,18,8,-81
GHCND:USW00064758,ITHACA 13 E NY US,20130316,5,-20,-100
GHCND:USW00064758,ITHACA 13 E NY US,20130317,10,-22,-133
GHCND:USW00064758,ITHACA 13 E NY US,20130318,63,-1,-124
GHCND:USW00064758,ITHACA 13 E NY US,20130319,44,48,-47
GHCND:USW00064758,ITHACA 13 E NY US,20130320,9,-2,-60
GHCND:USW00064758,ITHACA 13 E NY US,20130321,2,-25,-145
GHCND:USW00064758,ITHACA 13 E NY US,20130322,9,-15,-56
GHCND:USW00064758,ITHACA 13 E NY US,20130323,13,8,-35
GHCND:USW00064758,ITHACA 13 E NY US,20130324,0,26,-96
GHCND:USW00064758,ITHACA 13 E NY US,20130325,0,44,-21
GHCND:USW00064758,ITHACA 13 E NY US,20130326,3,53,-28
GHCND:USW00064758,ITHACA 13 E NY US,20130327,4,62,-24
GHCND:USW00064758,ITHACA 13 E NY US,20130328,0,49,-4
GHCND:USW00064758,ITHACA 13 E NY US,20130329,0,61,-36
GHCND:USW00064758,ITHACA 13 E NY US,20130330,0,95,-51
GHCND:USW00064758,ITHACA 13 E NY US,20130331,135,105,-27
GHCND:USW00064758,ITHACA 13 E NY US,20130401,58,55,-43
GHCND:USW00064758,ITHACA 13 E NY US,20130402,0,-1,-63
GHCND:USW00064758,ITHACA 13 E NY US,20130403,0,5,-44
GHCND:USW00064758,ITHACA 13 E NY US,20130404,0,106,-82
GHCND:USW00064758,ITHACA 13 E NY US,20130405,0,73,-36
GHCND:USW00064758,ITHACA 13 E NY US,20130406,0,79,-51
GHCND:USW00064758,ITHACA 13 E NY US,20130407,0,171,40
GHCND:USW00064758,ITHACA 13 E NY US,20130408,3,180,28
GHCND:USW00064758,ITHACA 13 E NY US,20130409,66,173,73
GHCND:USW00064758,ITHACA 13 E NY US,20130410,75,124,56
GHCND:USW00064758,ITHACA 13 E NY US,20130411,17,56,18
GHCND:USW00064758,ITHACA 13 E NY US,20130412,125,70,22
GHCND:USW00064758,ITHACA 13 E NY US,20130413,15,84,7
GHCND:USW00064758,ITHACA 13 E NY US,20130414,2,68,-14
GHCND:USW00064758,ITHACA 13 E NY US,20130415,0,193,-18
GHCND:USW00064758,ITHACA 13 E NY US,20130416,97,158,66
GHCND:USW00064758,ITHACA 13 E NY US,20130417,0,133,12
GHCND:USW00064758,ITHACA 13 E NY US,20130418,0,176,32
GHCND:USW00064758,ITHACA 13 E NY US,20130419,98,214,47
GHCND:USW00064758,ITHACA 13 E NY US,20130420,-9999,68,-15
GHCND:USW00064758,ITHACA 13 E NY US,20130421,0,72,-30
GHCND:USW00064758,ITHACA 13 E NY US,20130422,0,129,-32
GHCND:USW00064758,ITHACA 13 E NY US,20130423,0,143,-16
GHCND:USW00064758,ITHACA 13 E NY US,20130424,76,197,39
GHCND:USW00064758,ITHACA 13 E NY US,20130425,0,128,17
GHCND:USW00064758,ITHACA 13 E NY US,20130426,6,108,-6
GHCND:USW00064758,ITHACA 13 E NY US,20130427,0,179,-19
GHCND:USW00064758,ITHACA 13 E NY US,20130428,41,201,13
GHCND:USW00064758,ITHACA 13 E NY US,20130429,0,122,85
GHCND:USW00064758,ITHACA 13 E NY US,20130430,0,171,80
GHCND:USW00064758,ITHACA 13 E NY US,20130501,0,226,34
GHCND:USW00064758,ITHACA 13 E NY US,20130502,0,231,35
GHCND:USW00064758,ITHACA 13 E NY US,20130503,0,213,69
GHCND:USW00064758,ITHACA 13 E NY US,20130504,0,214,21
GHCND:USW00064758,ITHACA 13 E NY US,20130505,0,226,43
GHCND:USW00064758,ITHACA 13 E NY US,20130506,0,226,20
GHCND:USW00064758,ITHACA 13 E NY US,20130507,0,236,52
GHCND:USW00064758,ITHACA 13 E NY US,20130508,38,177,101
GHCND:USW00064758,ITHACA 13 E NY US,20130509,0,196,75
GHCND:USW00064758,ITHACA 13 E NY US,20130510,62,206,55
GHCND:USW00064758,ITHACA 13 E NY US,20130511,24,177,87
GHCND:USW00064758,ITHACA 13 E NY US,20130512,0,115,36
GHCND:USW00064758,ITHACA 13 E NY US,20130513,0,82,-13
GHCND:USW00064758,ITHACA 13 E NY US,20130514,0,121,-47
GHCND:USW00064758,ITHACA 13 E NY US,20130515,7,256,7
GHCND:USW00064758,ITHACA 13 E NY US,20130516,0,241,56
GHCND:USW00064758,ITHACA 13 E NY US,20130517,0,173,20
GHCND:USW00064758,ITHACA 13 E NY US,20130518,0,199,10
GHCND:USW00064758,ITHACA 13 E NY US,20130519,0,185,123
GHCND:USW00064758,ITHACA 13 E NY US,20130520,0,268,145
GHCND:USW00064758,ITHACA 13 E NY US,20130521,102,297,154
GHCND:USW00064758,ITHACA 13 E NY US,20130522,68,288,162
GHCND:USW00064758,ITHACA 13 E NY US,20130523,150,234,115
GHCND:USW00064758,ITHACA 13 E NY US,20130524,23,115,38
GHCND:USW00064758,ITHACA 13 E NY US,20130525,0,103,37
GHCND:USW00064758,ITHACA 13 E NY US,20130526,0,144,10
GHCND:USW00064758,ITHACA 13 E NY US,20130527,0,190,-9
GHCND:USW00064758,ITHACA 13 E NY US,20130528,126,136,59
GHCND:USW00064758,ITHACA 13 E NY US,20130529,172,268,136
GHCND:USW00064758,ITHACA 13 E NY US,20130530,0,286,144
GHCND:USW00064758,ITHACA 13 E NY US,20130531,0,303,144
GHCND:USW00064758,ITHACA 13 E NY US,20130601,0,283,146
GHCND:USW00064758,ITHACA 13 E NY US,20130602,76,249,161
GHCND:USW00064758,ITHACA 13 E NY US,20130603,0,166,70
GHCND:USW00064758,ITHACA 13 E NY US,20130604,0,178,42
GHCND:USW00064758,ITHACA 13 E NY US,20130605,0,210,22
GHCND:USW00064758,ITHACA 13 E NY US,20130606,133,159,108
GHCND:USW00064758,ITHACA 13 E NY US,20130607,60,160,139
GHCND:USW00064758,ITHACA 13 E NY US,20130608,2,181,110
GHCND:USW00064758,ITHACA 13 E NY US,20130609,0,221,75
GHCND:USW00064758,ITHACA 13 E NY US,20130610,67,173,107
GHCND:USW00064758,ITHACA 13 E NY US,20130611,98,183,141
GHCND:USW00064758,ITHACA 13 E NY US,20130612,0,211,111
GHCND:USW00064758,ITHACA 13 E NY US,20130613,80,151,125
GHCND:USW00064758,ITHACA 13 E NY US,20130614,0,200,103
GHCND:USW00064758,ITHACA 13 E NY US,20130615,0,221,74
GHCND:USW00064758,ITHACA 13 E NY US,20130616,0,213,96
GHCND:USW00064758,ITHACA 13 E NY US,20130617,40,260,109
GHCND:USW00064758,ITHACA 13 E NY US,20130618,0,199,105
GHCND:USW00064758,ITHACA 13 E NY US,20130619,0,187,63
GHCND:USW00064758,ITHACA 13 E NY US,20130620,0,251,46
GHCND:USW00064758,ITHACA 13 E NY US,20130621,0,271,103
GHCND:USW00064758,ITHACA 13 E NY US,20130622,0,284,142
GHCND:USW00064758,ITHACA 13 E NY US,20130623,6,314,188
GHCND:USW00064758,ITHACA 13 E NY US,20130624,33,297,170
GHCND:USW00064758,ITHACA 13 E NY US,20130625,9,278,156
GHCND:USW00064758,ITHACA 13 E NY US,20130626,0,264,172
GHCND:USW00064758,ITHACA 13 E NY US,20130627,163,264,152
GHCND:USW00064758,ITHACA 13 E NY US,20130628,55,211,161
GHCND:USW00064758,ITHACA 13 E NY US,20130629,0,229,155
GHCND:USW00064758,ITHACA 13 E NY US,20130630,72,266,142
GHCND:USW00064758,ITHACA 13 E NY US,20130701,476,208,186
GHCND:USW00064758,ITHACA 13 E NY US,20130702,0,275,187
GHCND:USW00064758,ITHACA 13 E NY US,20130703,0,282,197
GHCND:USW00064758,ITHACA 13 E NY US,20130704,0,292,208
GHCND:USW00064758,ITHACA 13 E NY US,20130705,0,297,199
GHCND:USW00064758,ITHACA 13 E NY US,20130706,0,283,180
GHCND:USW00064758,ITHACA 13 E NY US,20130707,17,294,199
GHCND:USW00064758,ITHACA 13 E NY US,20130708,0,275,184
GHCND:USW00064758,ITHACA 13 E NY US,20130709,5,278,178
GHCND:USW00064758,ITHACA 13 E NY US,20130710,68,276,192
GHCND:USW00064758,ITHACA 13 E NY US,20130711,0,238,141
GHCND:USW00064758,ITHACA 13 E NY US,20130712,0,247,141
GHCND:USW00064758,ITHACA 13 E NY US,20130713,10,252,173
GHCND:USW00064758,ITHACA 13 E NY US,20130714,0,304,175
GHCND:USW00064758,ITHACA 13 E NY US,20130715,0,301,174
GHCND:USW00064758,ITHACA 13 E NY US,20130716,0,302,157
GHCND:USW00064758,ITHACA 13 E NY US,20130717,5,320,155
GHCND:USW00064758,ITHACA 13 E NY US,20130718,0,314,189
GHCND:USW00064758,ITHACA 13 E NY US,20130719,23,322,191
GHCND:USW00064758,ITHACA 13 E NY US,20130720,0,254,148
GHCND:USW00064758,ITHACA 13 E NY US,20130721,10,259,130
GHCND:USW00064758,ITHACA 13 E NY US,20130722,181,277,142
GHCND:USW00064758,ITHACA 13 E NY US,20130723,202,262,184
GHCND:USW00064758,ITHACA 13 E NY US,20130724,0,200,82
GHCND:USW00064758,ITHACA 13 E NY US,20130725,0,218,64
GHCND:USW00064758,ITHACA 13 E NY US,20130726,0,238,69
GHCND:USW00064758,ITHACA 13 E NY US,20130727,107,258,109
GHCND:USW00064758,ITHACA 13 E NY US,20130728,141,232,141
GHCND:USW00064758,ITHACA 13 E NY US,20130729,0,224,116
GHCND:USW00064758,ITHACA 13 E NY US,20130730,0,217,97
GHCND:USW00064758,ITHACA 13 E NY US,20130731,0,250,93
GHCND:USW00064758,ITHACA 13 E NY US,20130801,74,247,142
GHCND:USW00064758,ITHACA 13 E NY US,20130802,49,229,121
GHCND:USW00064758,ITHACA 13 E NY US,20130803,0,232,108
GHCND:USW00064758,ITHACA 13 E NY US,20130804,0,204,91
GHCND:USW00064758,ITHACA 13 E NY US,20130805,0,213,59
GHCND:USW00064758,ITHACA 13 E NY US,20130806,0,224,83
GHCND:USW00064758,ITHACA 13 E NY US,20130807,0,218,137
GHCND:USW00064758,ITHACA 13 E NY US,20130808,502,271,181
GHCND:USW00064758,ITHACA 13 E NY US,20130809,261,243,145
GHCND:USW00064758,ITHACA 13 E NY US,20130810,0,216,98
GHCND:USW00064758,ITHACA 13 E NY US,20130811,0,221,96
GHCND:USW00064758,ITHACA 13 E NY US,20130812,0,244,108
GHCND:USW00064758,ITHACA 13 E NY US,20130813,96,232,114
GHCND:USW00064758,ITHACA 13 E NY US,20130814,18,181,70
GHCND:USW00064758,ITHACA 13 E NY US,20130815,0,206,55
GHCND:USW00064758,ITHACA 13 E NY US,20130816,0,216,82
GHCND:USW00064758,ITHACA 13 E NY US,20130817,0,241,64
GHCND:USW00064758,ITHACA 13 E NY US,20130818,0,226,114
GHCND:USW00064758,ITHACA 13 E NY US,20130819,0,246,123
GHCND:USW00064758,ITHACA 13 E NY US,20130820,0,258,101
GHCND:USW00064758,ITHACA 13 E NY US,20130821,0,266,113
GHCND:USW00064758,ITHACA 13 E NY US,20130822,32,281,141
GHCND:USW00064758,ITHACA 13 E NY US,20130823,0,218,102
GHCND:USW00064758,ITHACA 13 E NY US,20130824,0,226,83
GHCND:USW00064758,ITHACA 13 E NY US,20130825,0,253,89
GHCND:USW00064758,ITHACA 13 E NY US,20130826,285,260,165
GHCND:USW00064758,ITHACA 13 E NY US,20130827,0,262,167
GHCND:USW00064758,ITHACA 13 E NY US,20130828,71,278,168
GHCND:USW00064758,ITHACA 13 E NY US,20130829,0,262,152
GHCND:USW00064758,ITHACA 13 E NY US,20130830,0,279,143
GHCND:USW00064758,ITHACA 13 E NY US,20130831,10,276,197
GHCND:USW00064758,ITHACA 13 E NY US,20130901,13,263,196
GHCND:USW00064758,ITHACA 13 E NY US,20130902,349,271,178
GHCND:USW00064758,ITHACA 13 E NY US,20130903,0,187,135
GHCND:USW00064758,ITHACA 13 E NY US,20130904,0,235,91
GHCND:USW00064758,ITHACA 13 E NY US,20130905,4,185,52
GHCND:USW00064758,ITHACA 13 E NY US,20130906,0,180,30
GHCND:USW00064758,ITHACA 13 E NY US,20130907,0,202,69
GHCND:USW00064758,ITHACA 13 E NY US,20130908,12,169,46
GHCND:USW00064758,ITHACA 13 E NY US,20130909,0,211,27
GHCND:USW00064758,ITHACA 13 E NY US,20130910,13,293,169
GHCND:USW00064758,ITHACA 13 E NY US,20130911,80,311,192
GHCND:USW00064758,ITHACA 13 E NY US,20130912,70,251,158
GHCND:USW00064758,ITHACA 13 E NY US,20130913,106,161,88
GHCND:USW00064758,ITHACA 13 E NY US,20130914,0,131,32
GHCND:USW00064758,ITHACA 13 E NY US,20130915,0,178,23
GHCND:USW00064758,ITHACA 13 E NY US,20130916,15,141,16
GHCND:USW00064758,ITHACA 13 E NY US,20130917,0,166,-4
GHCND:USW00064758,ITHACA 13 E NY US,20130918,0,199,28
GHCND:USW00064758,ITHACA 13 E NY US,20130919,0,224,47
GHCND:USW00064758,ITHACA 13 E NY US,20130920,0,239,79
GHCND:USW00064758,ITHACA 13 E NY US,20130921,184,191,124
GHCND:USW00064758,ITHACA 13 E NY US,20130922,47,124,77
GHCND:USW00064758,ITHACA 13 E NY US,20130923,0,117,15
GHCND:USW00064758,ITHACA 13 E NY US,20130924,0,163,7
GHCND:USW00064758,ITHACA 13 E NY US,20130925,0,191,3
GHCND:USW00064758,ITHACA 13 E NY US,20130927,0,197,31
GHCND:USW00064758,ITHACA 13 E NY US,20130928,0,200,56
GHCND:USW00064758,ITHACA 13 E NY US,20130929,0,201,54
GHCND:USW00064758,ITHACA 13 E NY US,20130930,0,223,61
GHCND:USW00064758,ITHACA 13 E NY US,20131001,0,220,76
GHCND:USW00064758,ITHACA 13 E NY US,20131002,0,229,77
GHCND:USW00064758,ITHACA 13 E NY US,20131003,0,222,55
GHCND:USW00064758,ITHACA 13 E NY US,20131004,58,240,139
GHCND:USW00064758,ITHACA 13 E NY US,20131005,10,232,164
GHCND:USW00064758,ITHACA 13 E NY US,20131006,17,265,174
GHCND:USW00064758,ITHACA 13 E NY US,20131007,177,215,98
GHCND:USW00064758,ITHACA 13 E NY US,20131008,0,153,30
GHCND:USW00064758,ITHACA 13 E NY US,20131009,0,175,5
GHCND:USW00064758,ITHACA 13 E NY US,20131010,0,181,22
GHCND:USW00064758,ITHACA 13 E NY US,20131011,0,197,48
GHCND:USW00064758,ITHACA 13 E NY US,20131012,0,220,26
GHCND:USW00064758,ITHACA 13 E NY US,20131013,0,190,93
GHCND:USW00064758,ITHACA 13 E NY US,20131014,34,146,107
GHCND:USW00064758,ITHACA 13 E NY US,20131015,0,199,113
GHCND:USW00064758,ITHACA 13 E NY US,20131016,19,154,114
GHCND:USW00064758,ITHACA 13 E NY US,20131017,208,178,68
GHCND:USW00064758,ITHACA 13 E NY US,20131018,6,136,33
GHCND:USW00064758,ITHACA 13 E NY US,20131019,55,148,31
GHCND:USW00064758,ITHACA 13 E NY US,20131020,0,107,28
GHCND:USW00064758,ITHACA 13 E NY US,20131021,0,163,31
GHCND:USW00064758,ITHACA 13 E NY US,20131022,2,113,8
GHCND:USW00064758,ITHACA 13 E NY US,20131023,10,78,3
GHCND:USW00064758,ITHACA 13 E NY US,20131024,5,70,-10
GHCND:USW00064758,ITHACA 13 E NY US,20131025,31,71,3
GHCND:USW00064758,ITHACA 13 E NY US,20131026,0,76,14
